Date,Day,DayName,MonthName,MonthNo,Year
2003-04-04 00:00:00,5,Friday,April,4,2003
2003-04-11 00:00:00,5,Friday,April,4,2003
2003-04-18 00:00:00,5,Friday,April,4,2003
2003-04-25 00:00:00,5,Friday,April,4,2003
2004-04-02 00:00:00,5,Friday,April,4,2004
2004-04-09 00:00:00,5,Friday,April,4,2004
2004-04-16 00:00:00,5,Friday,April,4,2004
2004-04-23 00:00:00,5,Friday,April,4,2004
2004-04-30 00:00:00,5,Friday,April,4,2004
2005-04-01 00:00:00,5,Friday,April,4,2005
2005-04-08 00:00:00,5,Friday,April,4,2005
2005-04-15 00:00:00,5,Friday,April,4,2005
2005-04-22 00:00:00,5,Friday,April,4,2005
2005-04-29 00:00:00,5,Friday,April,4,2005
2003-08-01 00:00:00,5,Friday,August,8,2003
2003-08-08 00:00:00,5,Friday,August,8,2003
2003-08-15 00:00:00,5,Friday,August,8,2003
2003-08-22 00:00:00,5,Friday,August,8,2003
2003-08-29 00:00:00,5,Friday,August,8,2003
2004-08-06 00:00:00,5,Friday,August,8,2004
2004-08-13 00:00:00,5,Friday,August,8,2004
2004-08-20 00:00:00,5,Friday,August,8,2004
2004-08-27 00:00:00,5,Friday,August,8,2004
2005-08-05 00:00:00,5,Friday,August,8,2005
2005-08-12 00:00:00,5,Friday,August,8,2005
2005-08-19 00:00:00,5,Friday,August,8,2005
2005-08-26 00:00:00,5,Friday,August,8,2005
2003-12-05 00:00:00,5,Friday,December,12,2003
2003-12-12 00:00:00,5,Friday,December,12,2003
2003-12-19 00:00:00,5,Friday,December,12,2003
2003-12-26 00:00:00,5,Friday,December,12,2003
2004-12-03 00:00:00,5,Friday,December,12,2004
2004-12-10 00:00:00,5,Friday,December,12,2004
2004-12-17 00:00:00,5,Friday,December,12,2004
2004-12-24 00:00:00,5,Friday,December,12,2004
2004-12-31 00:00:00,5,Friday,December,12,2004
2005-12-02 00:00:00,5,Friday,December,12,2005
2005-12-09 00:00:00,5,Friday,December,12,2005
2005-12-16 00:00:00,5,Friday,December,12,2005
2005-12-23 00:00:00,5,Friday,December,12,2005
2005-12-30 00:00:00,5,Friday,December,12,2005
2003-02-07 00:00:00,5,Friday,February,2,2003
2003-02-14 00:00:00,5,Friday,February,2,2003
2003-02-21 00:00:00,5,Friday,February,2,2003
2003-02-28 00:00:00,5,Friday,February,2,2003
2004-02-06 00:00:00,5,Friday,February,2,2004
2004-02-13 00:00:00,5,Friday,February,2,2004
2004-02-20 00:00:00,5,Friday,February,2,2004
2004-02-27 00:00:00,5,Friday,February,2,2004
2005-02-04 00:00:00,5,Friday,February,2,2005
2005-02-11 00:00:00,5,Friday,February,2,2005
2005-02-18 00:00:00,5,Friday,February,2,2005
2005-02-25 00:00:00,5,Friday,February,2,2005
2003-01-03 00:00:00,5,Friday,January,1,2003
2003-01-10 00:00:00,5,Friday,January,1,2003
2003-01-17 00:00:00,5,Friday,January,1,2003
2003-01-24 00:00:00,5,Friday,January,1,2003
2003-01-31 00:00:00,5,Friday,January,1,2003
2004-01-02 00:00:00,5,Friday,January,1,2004
2004-01-09 00:00:00,5,Friday,January,1,2004
2004-01-16 00:00:00,5,Friday,January,1,2004
2004-01-23 00:00:00,5,Friday,January,1,2004
2004-01-30 00:00:00,5,Friday,January,1,2004
2005-01-07 00:00:00,5,Friday,January,1,2005
2005-01-14 00:00:00,5,Friday,January,1,2005
2005-01-21 00:00:00,5,Friday,January,1,2005
2005-01-28 00:00:00,5,Friday,January,1,2005
2003-07-04 00:00:00,5,Friday,July,7,2003
2003-07-11 00:00:00,5,Friday,July,7,2003
2003-07-18 00:00:00,5,Friday,July,7,2003
2003-07-25 00:00:00,5,Friday,July,7,2003
2004-07-02 00:00:00,5,Friday,July,7,2004
2004-07-09 00:00:00,5,Friday,July,7,2004
2004-07-16 00:00:00,5,Friday,July,7,2004
2004-07-23 00:00:00,5,Friday,July,7,2004
2004-07-30 00:00:00,5,Friday,July,7,2004
2005-07-01 00:00:00,5,Friday,July,7,2005
2005-07-08 00:00:00,5,Friday,July,7,2005
2005-07-15 00:00:00,5,Friday,July,7,2005
2005-07-22 00:00:00,5,Friday,July,7,2005
2005-07-29 00:00:00,5,Friday,July,7,2005
2003-06-06 00:00:00,5,Friday,June,6,2003
2003-06-13 00:00:00,5,Friday,June,6,2003
2003-06-20 00:00:00,5,Friday,June,6,2003
2003-06-27 00:00:00,5,Friday,June,6,2003
2004-06-04 00:00:00,5,Friday,June,6,2004
2004-06-11 00:00:00,5,Friday,June,6,2004
2004-06-18 00:00:00,5,Friday,June,6,2004
2004-06-25 00:00:00,5,Friday,June,6,2004
2005-06-03 00:00:00,5,Friday,June,6,2005
2005-06-10 00:00:00,5,Friday,June,6,2005
2005-06-17 00:00:00,5,Friday,June,6,2005
2005-06-24 00:00:00,5,Friday,June,6,2005
2003-03-07 00:00:00,5,Friday,March,3,2003
2003-03-14 00:00:00,5,Friday,March,3,2003
2003-03-21 00:00:00,5,Friday,March,3,2003
2003-03-28 00:00:00,5,Friday,March,3,2003
2004-03-05 00:00:00,5,Friday,March,3,2004
2004-03-12 00:00:00,5,Friday,March,3,2004
2004-03-19 00:00:00,5,Friday,March,3,2004
2004-03-26 00:00:00,5,Friday,March,3,2004
2005-03-04 00:00:00,5,Friday,March,3,2005
2005-03-11 00:00:00,5,Friday,March,3,2005
2005-03-18 00:00:00,5,Friday,March,3,2005
2005-03-25 00:00:00,5,Friday,March,3,2005
2003-05-02 00:00:00,5,Friday,May,5,2003
2003-05-09 00:00:00,5,Friday,May,5,2003
2003-05-16 00:00:00,5,Friday,May,5,2003
2003-05-23 00:00:00,5,Friday,May,5,2003
2003-05-30 00:00:00,5,Friday,May,5,2003
2004-05-07 00:00:00,5,Friday,May,5,2004
2004-05-14 00:00:00,5,Friday,May,5,2004
2004-05-21 00:00:00,5,Friday,May,5,2004
2004-05-28 00:00:00,5,Friday,May,5,2004
2005-05-06 00:00:00,5,Friday,May,5,2005
2005-05-13 00:00:00,5,Friday,May,5,2005
2005-05-20 00:00:00,5,Friday,May,5,2005
2005-05-27 00:00:00,5,Friday,May,5,2005
2003-11-07 00:00:00,5,Friday,November,11,2003
2003-11-14 00:00:00,5,Friday,November,11,2003
2003-11-21 00:00:00,5,Friday,November,11,2003
2003-11-28 00:00:00,5,Friday,November,11,2003
2004-11-05 00:00:00,5,Friday,November,11,2004
2004-11-12 00:00:00,5,Friday,November,11,2004
2004-11-19 00:00:00,5,Friday,November,11,2004
2004-11-26 00:00:00,5,Friday,November,11,2004
2005-11-04 00:00:00,5,Friday,November,11,2005
2005-11-11 00:00:00,5,Friday,November,11,2005
2005-11-18 00:00:00,5,Friday,November,11,2005
2005-11-25 00:00:00,5,Friday,November,11,2005
2003-10-03 00:00:00,5,Friday,October,10,2003
2003-10-10 00:00:00,5,Friday,October,10,2003
2003-10-17 00:00:00,5,Friday,October,10,2003
2003-10-24 00:00:00,5,Friday,October,10,2003
2003-10-31 00:00:00,5,Friday,October,10,2003
2004-10-01 00:00:00,5,Friday,October,10,2004
2004-10-08 00:00:00,5,Friday,October,10,2004
2004-10-15 00:00:00,5,Friday,October,10,2004
2004-10-22 00:00:00,5,Friday,October,10,2004
2004-10-29 00:00:00,5,Friday,October,10,2004
2005-10-07 00:00:00,5,Friday,October,10,2005
2005-10-14 00:00:00,5,Friday,October,10,2005
2005-10-21 00:00:00,5,Friday,October,10,2005
2005-10-28 00:00:00,5,Friday,October,10,2005
2003-09-05 00:00:00,5,Friday,September,9,2003
2003-09-12 00:00:00,5,Friday,September,9,2003
2003-09-19 00:00:00,5,Friday,September,9,2003
2003-09-26 00:00:00,5,Friday,September,9,2003
2004-09-03 00:00:00,5,Friday,September,9,2004
2004-09-10 00:00:00,5,Friday,September,9,2004
2004-09-17 00:00:00,5,Friday,September,9,2004
2004-09-24 00:00:00,5,Friday,September,9,2004
2005-09-02 00:00:00,5,Friday,September,9,2005
2005-09-09 00:00:00,5,Friday,September,9,2005
2005-09-16 00:00:00,5,Friday,September,9,2005
2005-09-23 00:00:00,5,Friday,September,9,2005
2005-09-30 00:00:00,5,Friday,September,9,2005
2003-04-07 00:00:00,1,Monday,April,4,2003
2003-04-14 00:00:00,1,Monday,April,4,2003
2003-04-21 00:00:00,1,Monday,April,4,2003
2003-04-28 00:00:00,1,Monday,April,4,2003
2004-04-05 00:00:00,1,Monday,April,4,2004
2004-04-12 00:00:00,1,Monday,April,4,2004
2004-04-19 00:00:00,1,Monday,April,4,2004
2004-04-26 00:00:00,1,Monday,April,4,2004
2005-04-04 00:00:00,1,Monday,April,4,2005
2005-04-11 00:00:00,1,Monday,April,4,2005
2005-04-18 00:00:00,1,Monday,April,4,2005
2005-04-25 00:00:00,1,Monday,April,4,2005
2003-08-04 00:00:00,1,Monday,August,8,2003
2003-08-11 00:00:00,1,Monday,August,8,2003
2003-08-18 00:00:00,1,Monday,August,8,2003
2003-08-25 00:00:00,1,Monday,August,8,2003
2004-08-02 00:00:00,1,Monday,August,8,2004
2004-08-09 00:00:00,1,Monday,August,8,2004
2004-08-16 00:00:00,1,Monday,August,8,2004
2004-08-23 00:00:00,1,Monday,August,8,2004
2004-08-30 00:00:00,1,Monday,August,8,2004
2005-08-01 00:00:00,1,Monday,August,8,2005
2005-08-08 00:00:00,1,Monday,August,8,2005
2005-08-15 00:00:00,1,Monday,August,8,2005
2005-08-22 00:00:00,1,Monday,August,8,2005
2005-08-29 00:00:00,1,Monday,August,8,2005
2003-12-01 00:00:00,1,Monday,December,12,2003
2003-12-08 00:00:00,1,Monday,December,12,2003
2003-12-15 00:00:00,1,Monday,December,12,2003
2003-12-22 00:00:00,1,Monday,December,12,2003
2003-12-29 00:00:00,1,Monday,December,12,2003
2004-12-06 00:00:00,1,Monday,December,12,2004
2004-12-13 00:00:00,1,Monday,December,12,2004
2004-12-20 00:00:00,1,Monday,December,12,2004
2004-12-27 00:00:00,1,Monday,December,12,2004
2005-12-05 00:00:00,1,Monday,December,12,2005
2005-12-12 00:00:00,1,Monday,December,12,2005
2005-12-19 00:00:00,1,Monday,December,12,2005
2005-12-26 00:00:00,1,Monday,December,12,2005
2003-02-03 00:00:00,1,Monday,February,2,2003
2003-02-10 00:00:00,1,Monday,February,2,2003
2003-02-17 00:00:00,1,Monday,February,2,2003
2003-02-24 00:00:00,1,Monday,February,2,2003
2004-02-02 00:00:00,1,Monday,February,2,2004
2004-02-09 00:00:00,1,Monday,February,2,2004
2004-02-16 00:00:00,1,Monday,February,2,2004
2004-02-23 00:00:00,1,Monday,February,2,2004
2005-02-07 00:00:00,1,Monday,February,2,2005
2005-02-14 00:00:00,1,Monday,February,2,2005
2005-02-21 00:00:00,1,Monday,February,2,2005
2005-02-28 00:00:00,1,Monday,February,2,2005
2003-01-06 00:00:00,1,Monday,January,1,2003
2003-01-13 00:00:00,1,Monday,January,1,2003
2003-01-20 00:00:00,1,Monday,January,1,2003
2003-01-27 00:00:00,1,Monday,January,1,2003
2004-01-05 00:00:00,1,Monday,January,1,2004
2004-01-12 00:00:00,1,Monday,January,1,2004
2004-01-19 00:00:00,1,Monday,January,1,2004
2004-01-26 00:00:00,1,Monday,January,1,2004
2005-01-03 00:00:00,1,Monday,January,1,2005
2005-01-10 00:00:00,1,Monday,January,1,2005
2005-01-17 00:00:00,1,Monday,January,1,2005
2005-01-24 00:00:00,1,Monday,January,1,2005
2005-01-31 00:00:00,1,Monday,January,1,2005
2003-07-07 00:00:00,1,Monday,July,7,2003
2003-07-14 00:00:00,1,Monday,July,7,2003
2003-07-21 00:00:00,1,Monday,July,7,2003
2003-07-28 00:00:00,1,Monday,July,7,2003
2004-07-05 00:00:00,1,Monday,July,7,2004
2004-07-12 00:00:00,1,Monday,July,7,2004
2004-07-19 00:00:00,1,Monday,July,7,2004
2004-07-26 00:00:00,1,Monday,July,7,2004
2005-07-04 00:00:00,1,Monday,July,7,2005
2005-07-11 00:00:00,1,Monday,July,7,2005
2005-07-18 00:00:00,1,Monday,July,7,2005
2005-07-25 00:00:00,1,Monday,July,7,2005
2003-06-02 00:00:00,1,Monday,June,6,2003
2003-06-09 00:00:00,1,Monday,June,6,2003
2003-06-16 00:00:00,1,Monday,June,6,2003
2003-06-23 00:00:00,1,Monday,June,6,2003
2003-06-30 00:00:00,1,Monday,June,6,2003
2004-06-07 00:00:00,1,Monday,June,6,2004
2004-06-14 00:00:00,1,Monday,June,6,2004
2004-06-21 00:00:00,1,Monday,June,6,2004
2004-06-28 00:00:00,1,Monday,June,6,2004
2005-06-06 00:00:00,1,Monday,June,6,2005
2005-06-13 00:00:00,1,Monday,June,6,2005
2005-06-20 00:00:00,1,Monday,June,6,2005
2005-06-27 00:00:00,1,Monday,June,6,2005
2003-03-03 00:00:00,1,Monday,March,3,2003
2003-03-10 00:00:00,1,Monday,March,3,2003
2003-03-17 00:00:00,1,Monday,March,3,2003
2003-03-24 00:00:00,1,Monday,March,3,2003
2003-03-31 00:00:00,1,Monday,March,3,2003
2004-03-01 00:00:00,1,Monday,March,3,2004
2004-03-08 00:00:00,1,Monday,March,3,2004
2004-03-15 00:00:00,1,Monday,March,3,2004
2004-03-22 00:00:00,1,Monday,March,3,2004
2004-03-29 00:00:00,1,Monday,March,3,2004
2005-03-07 00:00:00,1,Monday,March,3,2005
2005-03-14 00:00:00,1,Monday,March,3,2005
2005-03-21 00:00:00,1,Monday,March,3,2005
2005-03-28 00:00:00,1,Monday,March,3,2005
2003-05-05 00:00:00,1,Monday,May,5,2003
2003-05-12 00:00:00,1,Monday,May,5,2003
2003-05-19 00:00:00,1,Monday,May,5,2003
2003-05-26 00:00:00,1,Monday,May,5,2003
2004-05-03 00:00:00,1,Monday,May,5,2004
2004-05-10 00:00:00,1,Monday,May,5,2004
2004-05-17 00:00:00,1,Monday,May,5,2004
2004-05-24 00:00:00,1,Monday,May,5,2004
2004-05-31 00:00:00,1,Monday,May,5,2004
2005-05-02 00:00:00,1,Monday,May,5,2005
2005-05-09 00:00:00,1,Monday,May,5,2005
2005-05-16 00:00:00,1,Monday,May,5,2005
2005-05-23 00:00:00,1,Monday,May,5,2005
2005-05-30 00:00:00,1,Monday,May,5,2005
2003-11-03 00:00:00,1,Monday,November,11,2003
2003-11-10 00:00:00,1,Monday,November,11,2003
2003-11-17 00:00:00,1,Monday,November,11,2003
2003-11-24 00:00:00,1,Monday,November,11,2003
2004-11-01 00:00:00,1,Monday,November,11,2004
2004-11-08 00:00:00,1,Monday,November,11,2004
2004-11-15 00:00:00,1,Monday,November,11,2004
2004-11-22 00:00:00,1,Monday,November,11,2004
2004-11-29 00:00:00,1,Monday,November,11,2004
2005-11-07 00:00:00,1,Monday,November,11,2005
2005-11-14 00:00:00,1,Monday,November,11,2005
2005-11-21 00:00:00,1,Monday,November,11,2005
2005-11-28 00:00:00,1,Monday,November,11,2005
2003-10-06 00:00:00,1,Monday,October,10,2003
2003-10-13 00:00:00,1,Monday,October,10,2003
2003-10-20 00:00:00,1,Monday,October,10,2003
2003-10-27 00:00:00,1,Monday,October,10,2003
2004-10-04 00:00:00,1,Monday,October,10,2004
2004-10-11 00:00:00,1,Monday,October,10,2004
2004-10-18 00:00:00,1,Monday,October,10,2004
2004-10-25 00:00:00,1,Monday,October,10,2004
2005-10-03 00:00:00,1,Monday,October,10,2005
2005-10-10 00:00:00,1,Monday,October,10,2005
2005-10-17 00:00:00,1,Monday,October,10,2005
2005-10-24 00:00:00,1,Monday,October,10,2005
2005-10-31 00:00:00,1,Monday,October,10,2005
2003-09-01 00:00:00,1,Monday,September,9,2003
2003-09-08 00:00:00,1,Monday,September,9,2003
2003-09-15 00:00:00,1,Monday,September,9,2003
2003-09-22 00:00:00,1,Monday,September,9,2003
2003-09-29 00:00:00,1,Monday,September,9,2003
2004-09-06 00:00:00,1,Monday,September,9,2004
2004-09-13 00:00:00,1,Monday,September,9,2004
2004-09-20 00:00:00,1,Monday,September,9,2004
2004-09-27 00:00:00,1,Monday,September,9,2004
2005-09-05 00:00:00,1,Monday,September,9,2005
2005-09-12 00:00:00,1,Monday,September,9,2005
2005-09-19 00:00:00,1,Monday,September,9,2005
2005-09-26 00:00:00,1,Monday,September,9,2005
2003-04-05 00:00:00,6,Saturday,April,4,2003
2003-04-12 00:00:00,6,Saturday,April,4,2003
2003-04-19 00:00:00,6,Saturday,April,4,2003
2003-04-26 00:00:00,6,Saturday,April,4,2003
2004-04-03 00:00:00,6,Saturday,April,4,2004
2004-04-10 00:00:00,6,Saturday,April,4,2004
2004-04-17 00:00:00,6,Saturday,April,4,2004
2004-04-24 00:00:00,6,Saturday,April,4,2004
2005-04-02 00:00:00,6,Saturday,April,4,2005
2005-04-09 00:00:00,6,Saturday,April,4,2005
2005-04-16 00:00:00,6,Saturday,April,4,2005
2005-04-23 00:00:00,6,Saturday,April,4,2005
2005-04-30 00:00:00,6,Saturday,April,4,2005
2003-08-02 00:00:00,6,Saturday,August,8,2003
2003-08-09 00:00:00,6,Saturday,August,8,2003
2003-08-16 00:00:00,6,Saturday,August,8,2003
2003-08-23 00:00:00,6,Saturday,August,8,2003
2003-08-30 00:00:00,6,Saturday,August,8,2003
2004-08-07 00:00:00,6,Saturday,August,8,2004
2004-08-14 00:00:00,6,Saturday,August,8,2004
2004-08-21 00:00:00,6,Saturday,August,8,2004
2004-08-28 00:00:00,6,Saturday,August,8,2004
2005-08-06 00:00:00,6,Saturday,August,8,2005
2005-08-13 00:00:00,6,Saturday,August,8,2005
2005-08-20 00:00:00,6,Saturday,August,8,2005
2005-08-27 00:00:00,6,Saturday,August,8,2005
2003-12-06 00:00:00,6,Saturday,December,12,2003
2003-12-13 00:00:00,6,Saturday,December,12,2003
2003-12-20 00:00:00,6,Saturday,December,12,2003
2003-12-27 00:00:00,6,Saturday,December,12,2003
2004-12-04 00:00:00,6,Saturday,December,12,2004
2004-12-11 00:00:00,6,Saturday,December,12,2004
2004-12-18 00:00:00,6,Saturday,December,12,2004
2004-12-25 00:00:00,6,Saturday,December,12,2004
2005-12-03 00:00:00,6,Saturday,December,12,2005
2005-12-10 00:00:00,6,Saturday,December,12,2005
2005-12-17 00:00:00,6,Saturday,December,12,2005
2005-12-24 00:00:00,6,Saturday,December,12,2005
2005-12-31 00:00:00,6,Saturday,December,12,2005
2003-02-01 00:00:00,6,Saturday,February,2,2003
2003-02-08 00:00:00,6,Saturday,February,2,2003
2003-02-15 00:00:00,6,Saturday,February,2,2003
2003-02-22 00:00:00,6,Saturday,February,2,2003
2004-02-07 00:00:00,6,Saturday,February,2,2004
2004-02-14 00:00:00,6,Saturday,February,2,2004
2004-02-21 00:00:00,6,Saturday,February,2,2004
2004-02-28 00:00:00,6,Saturday,February,2,2004
2005-02-05 00:00:00,6,Saturday,February,2,2005
2005-02-12 00:00:00,6,Saturday,February,2,2005
2005-02-19 00:00:00,6,Saturday,February,2,2005
2005-02-26 00:00:00,6,Saturday,February,2,2005
2003-01-04 00:00:00,6,Saturday,January,1,2003
2003-01-11 00:00:00,6,Saturday,January,1,2003
2003-01-18 00:00:00,6,Saturday,January,1,2003
2003-01-25 00:00:00,6,Saturday,January,1,2003
2004-01-03 00:00:00,6,Saturday,January,1,2004
2004-01-10 00:00:00,6,Saturday,January,1,2004
2004-01-17 00:00:00,6,Saturday,January,1,2004
2004-01-24 00:00:00,6,Saturday,January,1,2004
2004-01-31 00:00:00,6,Saturday,January,1,2004
2005-01-01 00:00:00,6,Saturday,January,1,2005
2005-01-08 00:00:00,6,Saturday,January,1,2005
2005-01-15 00:00:00,6,Saturday,January,1,2005
2005-01-22 00:00:00,6,Saturday,January,1,2005
2005-01-29 00:00:00,6,Saturday,January,1,2005
2003-07-05 00:00:00,6,Saturday,July,7,2003
2003-07-12 00:00:00,6,Saturday,July,7,2003
2003-07-19 00:00:00,6,Saturday,July,7,2003
2003-07-26 00:00:00,6,Saturday,July,7,2003
2004-07-03 00:00:00,6,Saturday,July,7,2004
2004-07-10 00:00:00,6,Saturday,July,7,2004
2004-07-17 00:00:00,6,Saturday,July,7,2004
2004-07-24 00:00:00,6,Saturday,July,7,2004
2004-07-31 00:00:00,6,Saturday,July,7,2004
2005-07-02 00:00:00,6,Saturday,July,7,2005
2005-07-09 00:00:00,6,Saturday,July,7,2005
2005-07-16 00:00:00,6,Saturday,July,7,2005
2005-07-23 00:00:00,6,Saturday,July,7,2005
2005-07-30 00:00:00,6,Saturday,July,7,2005
2003-06-07 00:00:00,6,Saturday,June,6,2003
2003-06-14 00:00:00,6,Saturday,June,6,2003
2003-06-21 00:00:00,6,Saturday,June,6,2003
2003-06-28 00:00:00,6,Saturday,June,6,2003
2004-06-05 00:00:00,6,Saturday,June,6,2004
2004-06-12 00:00:00,6,Saturday,June,6,2004
2004-06-19 00:00:00,6,Saturday,June,6,2004
2004-06-26 00:00:00,6,Saturday,June,6,2004
2005-06-04 00:00:00,6,Saturday,June,6,2005
2005-06-11 00:00:00,6,Saturday,June,6,2005
2005-06-18 00:00:00,6,Saturday,June,6,2005
2005-06-25 00:00:00,6,Saturday,June,6,2005
2003-03-01 00:00:00,6,Saturday,March,3,2003
2003-03-08 00:00:00,6,Saturday,March,3,2003
2003-03-15 00:00:00,6,Saturday,March,3,2003
2003-03-22 00:00:00,6,Saturday,March,3,2003
2003-03-29 00:00:00,6,Saturday,March,3,2003
2004-03-06 00:00:00,6,Saturday,March,3,2004
2004-03-13 00:00:00,6,Saturday,March,3,2004
2004-03-20 00:00:00,6,Saturday,March,3,2004
2004-03-27 00:00:00,6,Saturday,March,3,2004
2005-03-05 00:00:00,6,Saturday,March,3,2005
2005-03-12 00:00:00,6,Saturday,March,3,2005
2005-03-19 00:00:00,6,Saturday,March,3,2005
2005-03-26 00:00:00,6,Saturday,March,3,2005
2003-05-03 00:00:00,6,Saturday,May,5,2003
2003-05-10 00:00:00,6,Saturday,May,5,2003
2003-05-17 00:00:00,6,Saturday,May,5,2003
2003-05-24 00:00:00,6,Saturday,May,5,2003
2003-05-31 00:00:00,6,Saturday,May,5,2003
2004-05-01 00:00:00,6,Saturday,May,5,2004
2004-05-08 00:00:00,6,Saturday,May,5,2004
2004-05-15 00:00:00,6,Saturday,May,5,2004
2004-05-22 00:00:00,6,Saturday,May,5,2004
2004-05-29 00:00:00,6,Saturday,May,5,2004
2005-05-07 00:00:00,6,Saturday,May,5,2005
2005-05-14 00:00:00,6,Saturday,May,5,2005
2005-05-21 00:00:00,6,Saturday,May,5,2005
2005-05-28 00:00:00,6,Saturday,May,5,2005
2003-11-01 00:00:00,6,Saturday,November,11,2003
2003-11-08 00:00:00,6,Saturday,November,11,2003
2003-11-15 00:00:00,6,Saturday,November,11,2003
2003-11-22 00:00:00,6,Saturday,November,11,2003
2003-11-29 00:00:00,6,Saturday,November,11,2003
2004-11-06 00:00:00,6,Saturday,November,11,2004
2004-11-13 00:00:00,6,Saturday,November,11,2004
2004-11-20 00:00:00,6,Saturday,November,11,2004
2004-11-27 00:00:00,6,Saturday,November,11,2004
2005-11-05 00:00:00,6,Saturday,November,11,2005
2005-11-12 00:00:00,6,Saturday,November,11,2005
2005-11-19 00:00:00,6,Saturday,November,11,2005
2005-11-26 00:00:00,6,Saturday,November,11,2005
2003-10-04 00:00:00,6,Saturday,October,10,2003
2003-10-11 00:00:00,6,Saturday,October,10,2003
2003-10-18 00:00:00,6,Saturday,October,10,2003
2003-10-25 00:00:00,6,Saturday,October,10,2003
2004-10-02 00:00:00,6,Saturday,October,10,2004
2004-10-09 00:00:00,6,Saturday,October,10,2004
2004-10-16 00:00:00,6,Saturday,October,10,2004
2004-10-23 00:00:00,6,Saturday,October,10,2004
2004-10-30 00:00:00,6,Saturday,October,10,2004
2005-10-01 00:00:00,6,Saturday,October,10,2005
2005-10-08 00:00:00,6,Saturday,October,10,2005
2005-10-15 00:00:00,6,Saturday,October,10,2005
2005-10-22 00:00:00,6,Saturday,October,10,2005
2005-10-29 00:00:00,6,Saturday,October,10,2005
2003-09-06 00:00:00,6,Saturday,September,9,2003
2003-09-13 00:00:00,6,Saturday,September,9,2003
2003-09-20 00:00:00,6,Saturday,September,9,2003
2003-09-27 00:00:00,6,Saturday,September,9,2003
2004-09-04 00:00:00,6,Saturday,September,9,2004
2004-09-11 00:00:00,6,Saturday,September,9,2004
2004-09-18 00:00:00,6,Saturday,September,9,2004
2004-09-25 00:00:00,6,Saturday,September,9,2004
2005-09-03 00:00:00,6,Saturday,September,9,2005
2005-09-10 00:00:00,6,Saturday,September,9,2005
2005-09-17 00:00:00,6,Saturday,September,9,2005
2005-09-24 00:00:00,6,Saturday,September,9,2005
2003-04-06 00:00:00,7,Sunday,April,4,2003
2003-04-13 00:00:00,7,Sunday,April,4,2003
2003-04-20 00:00:00,7,Sunday,April,4,2003
2003-04-27 00:00:00,7,Sunday,April,4,2003
2004-04-04 00:00:00,7,Sunday,April,4,2004
2004-04-11 00:00:00,7,Sunday,April,4,2004
2004-04-18 00:00:00,7,Sunday,April,4,2004
2004-04-25 00:00:00,7,Sunday,April,4,2004
2005-04-03 00:00:00,7,Sunday,April,4,2005
2005-04-10 00:00:00,7,Sunday,April,4,2005
2005-04-17 00:00:00,7,Sunday,April,4,2005
2005-04-24 00:00:00,7,Sunday,April,4,2005
2003-08-03 00:00:00,7,Sunday,August,8,2003
2003-08-10 00:00:00,7,Sunday,August,8,2003
2003-08-17 00:00:00,7,Sunday,August,8,2003
2003-08-24 00:00:00,7,Sunday,August,8,2003
2003-08-31 00:00:00,7,Sunday,August,8,2003
2004-08-01 00:00:00,7,Sunday,August,8,2004
2004-08-08 00:00:00,7,Sunday,August,8,2004
2004-08-15 00:00:00,7,Sunday,August,8,2004
2004-08-22 00:00:00,7,Sunday,August,8,2004
2004-08-29 00:00:00,7,Sunday,August,8,2004
2005-08-07 00:00:00,7,Sunday,August,8,2005
2005-08-14 00:00:00,7,Sunday,August,8,2005
2005-08-21 00:00:00,7,Sunday,August,8,2005
2005-08-28 00:00:00,7,Sunday,August,8,2005
2003-12-07 00:00:00,7,Sunday,December,12,2003
2003-12-14 00:00:00,7,Sunday,December,12,2003
2003-12-21 00:00:00,7,Sunday,December,12,2003
2003-12-28 00:00:00,7,Sunday,December,12,2003
2004-12-05 00:00:00,7,Sunday,December,12,2004
2004-12-12 00:00:00,7,Sunday,December,12,2004
2004-12-19 00:00:00,7,Sunday,December,12,2004
2004-12-26 00:00:00,7,Sunday,December,12,2004
2005-12-04 00:00:00,7,Sunday,December,12,2005
2005-12-11 00:00:00,7,Sunday,December,12,2005
2005-12-18 00:00:00,7,Sunday,December,12,2005
2005-12-25 00:00:00,7,Sunday,December,12,2005
2003-02-02 00:00:00,7,Sunday,February,2,2003
2003-02-09 00:00:00,7,Sunday,February,2,2003
2003-02-16 00:00:00,7,Sunday,February,2,2003
2003-02-23 00:00:00,7,Sunday,February,2,2003
2004-02-01 00:00:00,7,Sunday,February,2,2004
2004-02-08 00:00:00,7,Sunday,February,2,2004
2004-02-15 00:00:00,7,Sunday,February,2,2004
2004-02-22 00:00:00,7,Sunday,February,2,2004
2004-02-29 00:00:00,7,Sunday,February,2,2004
2005-02-06 00:00:00,7,Sunday,February,2,2005
2005-02-13 00:00:00,7,Sunday,February,2,2005
2005-02-20 00:00:00,7,Sunday,February,2,2005
2005-02-27 00:00:00,7,Sunday,February,2,2005
2003-01-05 00:00:00,7,Sunday,January,1,2003
2003-01-12 00:00:00,7,Sunday,January,1,2003
2003-01-19 00:00:00,7,Sunday,January,1,2003
2003-01-26 00:00:00,7,Sunday,January,1,2003
2004-01-04 00:00:00,7,Sunday,January,1,2004
2004-01-11 00:00:00,7,Sunday,January,1,2004
2004-01-18 00:00:00,7,Sunday,January,1,2004
2004-01-25 00:00:00,7,Sunday,January,1,2004
2005-01-02 00:00:00,7,Sunday,January,1,2005
2005-01-09 00:00:00,7,Sunday,January,1,2005
2005-01-16 00:00:00,7,Sunday,January,1,2005
2005-01-23 00:00:00,7,Sunday,January,1,2005
2005-01-30 00:00:00,7,Sunday,January,1,2005
2003-07-06 00:00:00,7,Sunday,July,7,2003
2003-07-13 00:00:00,7,Sunday,July,7,2003
2003-07-20 00:00:00,7,Sunday,July,7,2003
2003-07-27 00:00:00,7,Sunday,July,7,2003
2004-07-04 00:00:00,7,Sunday,July,7,2004
2004-07-11 00:00:00,7,Sunday,July,7,2004
2004-07-18 00:00:00,7,Sunday,July,7,2004
2004-07-25 00:00:00,7,Sunday,July,7,2004
2005-07-03 00:00:00,7,Sunday,July,7,2005
2005-07-10 00:00:00,7,Sunday,July,7,2005
2005-07-17 00:00:00,7,Sunday,July,7,2005
2005-07-24 00:00:00,7,Sunday,July,7,2005
2005-07-31 00:00:00,7,Sunday,July,7,2005
2003-06-01 00:00:00,7,Sunday,June,6,2003
2003-06-08 00:00:00,7,Sunday,June,6,2003
2003-06-15 00:00:00,7,Sunday,June,6,2003
2003-06-22 00:00:00,7,Sunday,June,6,2003
2003-06-29 00:00:00,7,Sunday,June,6,2003
2004-06-06 00:00:00,7,Sunday,June,6,2004
2004-06-13 00:00:00,7,Sunday,June,6,2004
2004-06-20 00:00:00,7,Sunday,June,6,2004
2004-06-27 00:00:00,7,Sunday,June,6,2004
2005-06-05 00:00:00,7,Sunday,June,6,2005
2005-06-12 00:00:00,7,Sunday,June,6,2005
2005-06-19 00:00:00,7,Sunday,June,6,2005
2005-06-26 00:00:00,7,Sunday,June,6,2005
2003-03-02 00:00:00,7,Sunday,March,3,2003
2003-03-09 00:00:00,7,Sunday,March,3,2003
2003-03-16 00:00:00,7,Sunday,March,3,2003
2003-03-23 00:00:00,7,Sunday,March,3,2003
2003-03-30 00:00:00,7,Sunday,March,3,2003
2004-03-07 00:00:00,7,Sunday,March,3,2004
2004-03-14 00:00:00,7,Sunday,March,3,2004
2004-03-21 00:00:00,7,Sunday,March,3,2004
2004-03-28 00:00:00,7,Sunday,March,3,2004
2005-03-06 00:00:00,7,Sunday,March,3,2005
2005-03-13 00:00:00,7,Sunday,March,3,2005
2005-03-20 00:00:00,7,Sunday,March,3,2005
2005-03-27 00:00:00,7,Sunday,March,3,2005
2003-05-04 00:00:00,7,Sunday,May,5,2003
2003-05-11 00:00:00,7,Sunday,May,5,2003
2003-05-18 00:00:00,7,Sunday,May,5,2003
2003-05-25 00:00:00,7,Sunday,May,5,2003
2004-05-02 00:00:00,7,Sunday,May,5,2004
2004-05-09 00:00:00,7,Sunday,May,5,2004
2004-05-16 00:00:00,7,Sunday,May,5,2004
2004-05-23 00:00:00,7,Sunday,May,5,2004
2004-05-30 00:00:00,7,Sunday,May,5,2004
2005-05-01 00:00:00,7,Sunday,May,5,2005
2005-05-08 00:00:00,7,Sunday,May,5,2005
2005-05-15 00:00:00,7,Sunday,May,5,2005
2005-05-22 00:00:00,7,Sunday,May,5,2005
2005-05-29 00:00:00,7,Sunday,May,5,2005
2003-11-02 00:00:00,7,Sunday,November,11,2003
2003-11-09 00:00:00,7,Sunday,November,11,2003
2003-11-16 00:00:00,7,Sunday,November,11,2003
2003-11-23 00:00:00,7,Sunday,November,11,2003
2003-11-30 00:00:00,7,Sunday,November,11,2003
2004-11-07 00:00:00,7,Sunday,November,11,2004
2004-11-14 00:00:00,7,Sunday,November,11,2004
2004-11-21 00:00:00,7,Sunday,November,11,2004
2004-11-28 00:00:00,7,Sunday,November,11,2004
2005-11-06 00:00:00,7,Sunday,November,11,2005
2005-11-13 00:00:00,7,Sunday,November,11,2005
2005-11-20 00:00:00,7,Sunday,November,11,2005
2005-11-27 00:00:00,7,Sunday,November,11,2005
2003-10-05 00:00:00,7,Sunday,October,10,2003
2003-10-12 00:00:00,7,Sunday,October,10,2003
2003-10-19 00:00:00,7,Sunday,October,10,2003
2003-10-26 00:00:00,7,Sunday,October,10,2003
2004-10-03 00:00:00,7,Sunday,October,10,2004
2004-10-10 00:00:00,7,Sunday,October,10,2004
2004-10-17 00:00:00,7,Sunday,October,10,2004
2004-10-24 00:00:00,7,Sunday,October,10,2004
2004-10-31 00:00:00,7,Sunday,October,10,2004
2005-10-02 00:00:00,7,Sunday,October,10,2005
2005-10-09 00:00:00,7,Sunday,October,10,2005
2005-10-16 00:00:00,7,Sunday,October,10,2005
2005-10-23 00:00:00,7,Sunday,October,10,2005
2005-10-30 00:00:00,7,Sunday,October,10,2005
2003-09-07 00:00:00,7,Sunday,September,9,2003
2003-09-14 00:00:00,7,Sunday,September,9,2003
2003-09-21 00:00:00,7,Sunday,September,9,2003
2003-09-28 00:00:00,7,Sunday,September,9,2003
2004-09-05 00:00:00,7,Sunday,September,9,2004
2004-09-12 00:00:00,7,Sunday,September,9,2004
2004-09-19 00:00:00,7,Sunday,September,9,2004
2004-09-26 00:00:00,7,Sunday,September,9,2004
2005-09-04 00:00:00,7,Sunday,September,9,2005
2005-09-11 00:00:00,7,Sunday,September,9,2005
2005-09-18 00:00:00,7,Sunday,September,9,2005
2005-09-25 00:00:00,7,Sunday,September,9,2005
2003-04-03 00:00:00,4,Thursday,April,4,2003
2003-04-10 00:00:00,4,Thursday,April,4,2003
2003-04-17 00:00:00,4,Thursday,April,4,2003
2003-04-24 00:00:00,4,Thursday,April,4,2003
2004-04-01 00:00:00,4,Thursday,April,4,2004
2004-04-08 00:00:00,4,Thursday,April,4,2004
2004-04-15 00:00:00,4,Thursday,April,4,2004
2004-04-22 00:00:00,4,Thursday,April,4,2004
2004-04-29 00:00:00,4,Thursday,April,4,2004
2005-04-07 00:00:00,4,Thursday,April,4,2005
2005-04-14 00:00:00,4,Thursday,April,4,2005
2005-04-21 00:00:00,4,Thursday,April,4,2005
2005-04-28 00:00:00,4,Thursday,April,4,2005
2003-08-07 00:00:00,4,Thursday,August,8,2003
2003-08-14 00:00:00,4,Thursday,August,8,2003
2003-08-21 00:00:00,4,Thursday,August,8,2003
2003-08-28 00:00:00,4,Thursday,August,8,2003
2004-08-05 00:00:00,4,Thursday,August,8,2004
2004-08-12 00:00:00,4,Thursday,August,8,2004
2004-08-19 00:00:00,4,Thursday,August,8,2004
2004-08-26 00:00:00,4,Thursday,August,8,2004
2005-08-04 00:00:00,4,Thursday,August,8,2005
2005-08-11 00:00:00,4,Thursday,August,8,2005
2005-08-18 00:00:00,4,Thursday,August,8,2005
2005-08-25 00:00:00,4,Thursday,August,8,2005
2003-12-04 00:00:00,4,Thursday,December,12,2003
2003-12-11 00:00:00,4,Thursday,December,12,2003
2003-12-18 00:00:00,4,Thursday,December,12,2003
2003-12-25 00:00:00,4,Thursday,December,12,2003
2004-12-02 00:00:00,4,Thursday,December,12,2004
2004-12-09 00:00:00,4,Thursday,December,12,2004
2004-12-16 00:00:00,4,Thursday,December,12,2004
2004-12-23 00:00:00,4,Thursday,December,12,2004
2004-12-30 00:00:00,4,Thursday,December,12,2004
2005-12-01 00:00:00,4,Thursday,December,12,2005
2005-12-08 00:00:00,4,Thursday,December,12,2005
2005-12-15 00:00:00,4,Thursday,December,12,2005
2005-12-22 00:00:00,4,Thursday,December,12,2005
2005-12-29 00:00:00,4,Thursday,December,12,2005
2003-02-06 00:00:00,4,Thursday,February,2,2003
2003-02-13 00:00:00,4,Thursday,February,2,2003
2003-02-20 00:00:00,4,Thursday,February,2,2003
2003-02-27 00:00:00,4,Thursday,February,2,2003
2004-02-05 00:00:00,4,Thursday,February,2,2004
2004-02-12 00:00:00,4,Thursday,February,2,2004
2004-02-19 00:00:00,4,Thursday,February,2,2004
2004-02-26 00:00:00,4,Thursday,February,2,2004
2005-02-03 00:00:00,4,Thursday,February,2,2005
2005-02-10 00:00:00,4,Thursday,February,2,2005
2005-02-17 00:00:00,4,Thursday,February,2,2005
2005-02-24 00:00:00,4,Thursday,February,2,2005
2003-01-02 00:00:00,4,Thursday,January,1,2003
2003-01-09 00:00:00,4,Thursday,January,1,2003
2003-01-16 00:00:00,4,Thursday,January,1,2003
2003-01-23 00:00:00,4,Thursday,January,1,2003
2003-01-30 00:00:00,4,Thursday,January,1,2003
2004-01-01 00:00:00,4,Thursday,January,1,2004
2004-01-08 00:00:00,4,Thursday,January,1,2004
2004-01-15 00:00:00,4,Thursday,January,1,2004
2004-01-22 00:00:00,4,Thursday,January,1,2004
2004-01-29 00:00:00,4,Thursday,January,1,2004
2005-01-06 00:00:00,4,Thursday,January,1,2005
2005-01-13 00:00:00,4,Thursday,January,1,2005
2005-01-20 00:00:00,4,Thursday,January,1,2005
2005-01-27 00:00:00,4,Thursday,January,1,2005
2003-07-03 00:00:00,4,Thursday,July,7,2003
2003-07-10 00:00:00,4,Thursday,July,7,2003
2003-07-17 00:00:00,4,Thursday,July,7,2003
2003-07-24 00:00:00,4,Thursday,July,7,2003
2003-07-31 00:00:00,4,Thursday,July,7,2003
2004-07-01 00:00:00,4,Thursday,July,7,2004
2004-07-08 00:00:00,4,Thursday,July,7,2004
2004-07-15 00:00:00,4,Thursday,July,7,2004
2004-07-22 00:00:00,4,Thursday,July,7,2004
2004-07-29 00:00:00,4,Thursday,July,7,2004
2005-07-07 00:00:00,4,Thursday,July,7,2005
2005-07-14 00:00:00,4,Thursday,July,7,2005
2005-07-21 00:00:00,4,Thursday,July,7,2005
2005-07-28 00:00:00,4,Thursday,July,7,2005
2003-06-05 00:00:00,4,Thursday,June,6,2003
2003-06-12 00:00:00,4,Thursday,June,6,2003
2003-06-19 00:00:00,4,Thursday,June,6,2003
2003-06-26 00:00:00,4,Thursday,June,6,2003
2004-06-03 00:00:00,4,Thursday,June,6,2004
2004-06-10 00:00:00,4,Thursday,June,6,2004
2004-06-17 00:00:00,4,Thursday,June,6,2004
2004-06-24 00:00:00,4,Thursday,June,6,2004
2005-06-02 00:00:00,4,Thursday,June,6,2005
2005-06-09 00:00:00,4,Thursday,June,6,2005
2005-06-16 00:00:00,4,Thursday,June,6,2005
2005-06-23 00:00:00,4,Thursday,June,6,2005
2005-06-30 00:00:00,4,Thursday,June,6,2005
2003-03-06 00:00:00,4,Thursday,March,3,2003
2003-03-13 00:00:00,4,Thursday,March,3,2003
2003-03-20 00:00:00,4,Thursday,March,3,2003
2003-03-27 00:00:00,4,Thursday,March,3,2003
2004-03-04 00:00:00,4,Thursday,March,3,2004
2004-03-11 00:00:00,4,Thursday,March,3,2004
2004-03-18 00:00:00,4,Thursday,March,3,2004
2004-03-25 00:00:00,4,Thursday,March,3,2004
2005-03-03 00:00:00,4,Thursday,March,3,2005
2005-03-10 00:00:00,4,Thursday,March,3,2005
2005-03-17 00:00:00,4,Thursday,March,3,2005
2005-03-24 00:00:00,4,Thursday,March,3,2005
2005-03-31 00:00:00,4,Thursday,March,3,2005
2003-05-01 00:00:00,4,Thursday,May,5,2003
2003-05-08 00:00:00,4,Thursday,May,5,2003
2003-05-15 00:00:00,4,Thursday,May,5,2003
2003-05-22 00:00:00,4,Thursday,May,5,2003
2003-05-29 00:00:00,4,Thursday,May,5,2003
2004-05-06 00:00:00,4,Thursday,May,5,2004
2004-05-13 00:00:00,4,Thursday,May,5,2004
2004-05-20 00:00:00,4,Thursday,May,5,2004
2004-05-27 00:00:00,4,Thursday,May,5,2004
2005-05-05 00:00:00,4,Thursday,May,5,2005
2005-05-12 00:00:00,4,Thursday,May,5,2005
2005-05-19 00:00:00,4,Thursday,May,5,2005
2005-05-26 00:00:00,4,Thursday,May,5,2005
2003-11-06 00:00:00,4,Thursday,November,11,2003
2003-11-13 00:00:00,4,Thursday,November,11,2003
2003-11-20 00:00:00,4,Thursday,November,11,2003
2003-11-27 00:00:00,4,Thursday,November,11,2003
2004-11-04 00:00:00,4,Thursday,November,11,2004
2004-11-11 00:00:00,4,Thursday,November,11,2004
2004-11-18 00:00:00,4,Thursday,November,11,2004
2004-11-25 00:00:00,4,Thursday,November,11,2004
2005-11-03 00:00:00,4,Thursday,November,11,2005
2005-11-10 00:00:00,4,Thursday,November,11,2005
2005-11-17 00:00:00,4,Thursday,November,11,2005
2005-11-24 00:00:00,4,Thursday,November,11,2005
2003-10-02 00:00:00,4,Thursday,October,10,2003
2003-10-09 00:00:00,4,Thursday,October,10,2003
2003-10-16 00:00:00,4,Thursday,October,10,2003
2003-10-23 00:00:00,4,Thursday,October,10,2003
2003-10-30 00:00:00,4,Thursday,October,10,2003
2004-10-07 00:00:00,4,Thursday,October,10,2004
2004-10-14 00:00:00,4,Thursday,October,10,2004
2004-10-21 00:00:00,4,Thursday,October,10,2004
2004-10-28 00:00:00,4,Thursday,October,10,2004
2005-10-06 00:00:00,4,Thursday,October,10,2005
2005-10-13 00:00:00,4,Thursday,October,10,2005
2005-10-20 00:00:00,4,Thursday,October,10,2005
2005-10-27 00:00:00,4,Thursday,October,10,2005
2003-09-04 00:00:00,4,Thursday,September,9,2003
2003-09-11 00:00:00,4,Thursday,September,9,2003
2003-09-18 00:00:00,4,Thursday,September,9,2003
2003-09-25 00:00:00,4,Thursday,September,9,2003
2004-09-02 00:00:00,4,Thursday,September,9,2004
2004-09-09 00:00:00,4,Thursday,September,9,2004
2004-09-16 00:00:00,4,Thursday,September,9,2004
2004-09-23 00:00:00,4,Thursday,September,9,2004
2004-09-30 00:00:00,4,Thursday,September,9,2004
2005-09-01 00:00:00,4,Thursday,September,9,2005
2005-09-08 00:00:00,4,Thursday,September,9,2005
2005-09-15 00:00:00,4,Thursday,September,9,2005
2005-09-22 00:00:00,4,Thursday,September,9,2005
2005-09-29 00:00:00,4,Thursday,September,9,2005
2003-04-01 00:00:00,2,Tuesday,April,4,2003
2003-04-08 00:00:00,2,Tuesday,April,4,2003
2003-04-15 00:00:00,2,Tuesday,April,4,2003
2003-04-22 00:00:00,2,Tuesday,April,4,2003
2003-04-29 00:00:00,2,Tuesday,April,4,2003
2004-04-06 00:00:00,2,Tuesday,April,4,2004
2004-04-13 00:00:00,2,Tuesday,April,4,2004
2004-04-20 00:00:00,2,Tuesday,April,4,2004
2004-04-27 00:00:00,2,Tuesday,April,4,2004
2005-04-05 00:00:00,2,Tuesday,April,4,2005
2005-04-12 00:00:00,2,Tuesday,April,4,2005
2005-04-19 00:00:00,2,Tuesday,April,4,2005
2005-04-26 00:00:00,2,Tuesday,April,4,2005
2003-08-05 00:00:00,2,Tuesday,August,8,2003
2003-08-12 00:00:00,2,Tuesday,August,8,2003
2003-08-19 00:00:00,2,Tuesday,August,8,2003
2003-08-26 00:00:00,2,Tuesday,August,8,2003
2004-08-03 00:00:00,2,Tuesday,August,8,2004
2004-08-10 00:00:00,2,Tuesday,August,8,2004
2004-08-17 00:00:00,2,Tuesday,August,8,2004
2004-08-24 00:00:00,2,Tuesday,August,8,2004
2004-08-31 00:00:00,2,Tuesday,August,8,2004
2005-08-02 00:00:00,2,Tuesday,August,8,2005
2005-08-09 00:00:00,2,Tuesday,August,8,2005
2005-08-16 00:00:00,2,Tuesday,August,8,2005
2005-08-23 00:00:00,2,Tuesday,August,8,2005
2005-08-30 00:00:00,2,Tuesday,August,8,2005
2003-12-02 00:00:00,2,Tuesday,December,12,2003
2003-12-09 00:00:00,2,Tuesday,December,12,2003
2003-12-16 00:00:00,2,Tuesday,December,12,2003
2003-12-23 00:00:00,2,Tuesday,December,12,2003
2003-12-30 00:00:00,2,Tuesday,December,12,2003
2004-12-07 00:00:00,2,Tuesday,December,12,2004
2004-12-14 00:00:00,2,Tuesday,December,12,2004
2004-12-21 00:00:00,2,Tuesday,December,12,2004
2004-12-28 00:00:00,2,Tuesday,December,12,2004
2005-12-06 00:00:00,2,Tuesday,December,12,2005
2005-12-13 00:00:00,2,Tuesday,December,12,2005
2005-12-20 00:00:00,2,Tuesday,December,12,2005
2005-12-27 00:00:00,2,Tuesday,December,12,2005
2003-02-04 00:00:00,2,Tuesday,February,2,2003
2003-02-11 00:00:00,2,Tuesday,February,2,2003
2003-02-18 00:00:00,2,Tuesday,February,2,2003
2003-02-25 00:00:00,2,Tuesday,February,2,2003
2004-02-03 00:00:00,2,Tuesday,February,2,2004
2004-02-10 00:00:00,2,Tuesday,February,2,2004
2004-02-17 00:00:00,2,Tuesday,February,2,2004
2004-02-24 00:00:00,2,Tuesday,February,2,2004
2005-02-01 00:00:00,2,Tuesday,February,2,2005
2005-02-08 00:00:00,2,Tuesday,February,2,2005
2005-02-15 00:00:00,2,Tuesday,February,2,2005
2005-02-22 00:00:00,2,Tuesday,February,2,2005
2003-01-07 00:00:00,2,Tuesday,January,1,2003
2003-01-14 00:00:00,2,Tuesday,January,1,2003
2003-01-21 00:00:00,2,Tuesday,January,1,2003
2003-01-28 00:00:00,2,Tuesday,January,1,2003
2004-01-06 00:00:00,2,Tuesday,January,1,2004
2004-01-13 00:00:00,2,Tuesday,January,1,2004
2004-01-20 00:00:00,2,Tuesday,January,1,2004
2004-01-27 00:00:00,2,Tuesday,January,1,2004
2005-01-04 00:00:00,2,Tuesday,January,1,2005
2005-01-11 00:00:00,2,Tuesday,January,1,2005
2005-01-18 00:00:00,2,Tuesday,January,1,2005
2005-01-25 00:00:00,2,Tuesday,January,1,2005
2003-07-01 00:00:00,2,Tuesday,July,7,2003
2003-07-08 00:00:00,2,Tuesday,July,7,2003
2003-07-15 00:00:00,2,Tuesday,July,7,2003
2003-07-22 00:00:00,2,Tuesday,July,7,2003
2003-07-29 00:00:00,2,Tuesday,July,7,2003
2004-07-06 00:00:00,2,Tuesday,July,7,2004
2004-07-13 00:00:00,2,Tuesday,July,7,2004
2004-07-20 00:00:00,2,Tuesday,July,7,2004
2004-07-27 00:00:00,2,Tuesday,July,7,2004
2005-07-05 00:00:00,2,Tuesday,July,7,2005
2005-07-12 00:00:00,2,Tuesday,July,7,2005
2005-07-19 00:00:00,2,Tuesday,July,7,2005
2005-07-26 00:00:00,2,Tuesday,July,7,2005
2003-06-03 00:00:00,2,Tuesday,June,6,2003
2003-06-10 00:00:00,2,Tuesday,June,6,2003
2003-06-17 00:00:00,2,Tuesday,June,6,2003
2003-06-24 00:00:00,2,Tuesday,June,6,2003
2004-06-01 00:00:00,2,Tuesday,June,6,2004
2004-06-08 00:00:00,2,Tuesday,June,6,2004
2004-06-15 00:00:00,2,Tuesday,June,6,2004
2004-06-22 00:00:00,2,Tuesday,June,6,2004
2004-06-29 00:00:00,2,Tuesday,June,6,2004
2005-06-07 00:00:00,2,Tuesday,June,6,2005
2005-06-14 00:00:00,2,Tuesday,June,6,2005
2005-06-21 00:00:00,2,Tuesday,June,6,2005
2005-06-28 00:00:00,2,Tuesday,June,6,2005
2003-03-04 00:00:00,2,Tuesday,March,3,2003
2003-03-11 00:00:00,2,Tuesday,March,3,2003
2003-03-18 00:00:00,2,Tuesday,March,3,2003
2003-03-25 00:00:00,2,Tuesday,March,3,2003
2004-03-02 00:00:00,2,Tuesday,March,3,2004
2004-03-09 00:00:00,2,Tuesday,March,3,2004
2004-03-16 00:00:00,2,Tuesday,March,3,2004
2004-03-23 00:00:00,2,Tuesday,March,3,2004
2004-03-30 00:00:00,2,Tuesday,March,3,2004
2005-03-01 00:00:00,2,Tuesday,March,3,2005
2005-03-08 00:00:00,2,Tuesday,March,3,2005
2005-03-15 00:00:00,2,Tuesday,March,3,2005
2005-03-22 00:00:00,2,Tuesday,March,3,2005
2005-03-29 00:00:00,2,Tuesday,March,3,2005
2003-05-06 00:00:00,2,Tuesday,May,5,2003
2003-05-13 00:00:00,2,Tuesday,May,5,2003
2003-05-20 00:00:00,2,Tuesday,May,5,2003
2003-05-27 00:00:00,2,Tuesday,May,5,2003
2004-05-04 00:00:00,2,Tuesday,May,5,2004
2004-05-11 00:00:00,2,Tuesday,May,5,2004
2004-05-18 00:00:00,2,Tuesday,May,5,2004
2004-05-25 00:00:00,2,Tuesday,May,5,2004
2005-05-03 00:00:00,2,Tuesday,May,5,2005
2005-05-10 00:00:00,2,Tuesday,May,5,2005
2005-05-17 00:00:00,2,Tuesday,May,5,2005
2005-05-24 00:00:00,2,Tuesday,May,5,2005
2005-05-31 00:00:00,2,Tuesday,May,5,2005
2003-11-04 00:00:00,2,Tuesday,November,11,2003
2003-11-11 00:00:00,2,Tuesday,November,11,2003
2003-11-18 00:00:00,2,Tuesday,November,11,2003
2003-11-25 00:00:00,2,Tuesday,November,11,2003
2004-11-02 00:00:00,2,Tuesday,November,11,2004
2004-11-09 00:00:00,2,Tuesday,November,11,2004
2004-11-16 00:00:00,2,Tuesday,November,11,2004
2004-11-23 00:00:00,2,Tuesday,November,11,2004
2004-11-30 00:00:00,2,Tuesday,November,11,2004
2005-11-01 00:00:00,2,Tuesday,November,11,2005
2005-11-08 00:00:00,2,Tuesday,November,11,2005
2005-11-15 00:00:00,2,Tuesday,November,11,2005
2005-11-22 00:00:00,2,Tuesday,November,11,2005
2005-11-29 00:00:00,2,Tuesday,November,11,2005
2003-10-07 00:00:00,2,Tuesday,October,10,2003
2003-10-14 00:00:00,2,Tuesday,October,10,2003
2003-10-21 00:00:00,2,Tuesday,October,10,2003
2003-10-28 00:00:00,2,Tuesday,October,10,2003
2004-10-05 00:00:00,2,Tuesday,October,10,2004
2004-10-12 00:00:00,2,Tuesday,October,10,2004
2004-10-19 00:00:00,2,Tuesday,October,10,2004
2004-10-26 00:00:00,2,Tuesday,October,10,2004
2005-10-04 00:00:00,2,Tuesday,October,10,2005
2005-10-11 00:00:00,2,Tuesday,October,10,2005
2005-10-18 00:00:00,2,Tuesday,October,10,2005
2005-10-25 00:00:00,2,Tuesday,October,10,2005
2003-09-02 00:00:00,2,Tuesday,September,9,2003
2003-09-09 00:00:00,2,Tuesday,September,9,2003
2003-09-16 00:00:00,2,Tuesday,September,9,2003
2003-09-23 00:00:00,2,Tuesday,September,9,2003
2003-09-30 00:00:00,2,Tuesday,September,9,2003
2004-09-07 00:00:00,2,Tuesday,September,9,2004
2004-09-14 00:00:00,2,Tuesday,September,9,2004
2004-09-21 00:00:00,2,Tuesday,September,9,2004
2004-09-28 00:00:00,2,Tuesday,September,9,2004
2005-09-06 00:00:00,2,Tuesday,September,9,2005
2005-09-13 00:00:00,2,Tuesday,September,9,2005
2005-09-20 00:00:00,2,Tuesday,September,9,2005
2005-09-27 00:00:00,2,Tuesday,September,9,2005
2003-04-02 00:00:00,3,Wednesday,April,4,2003
2003-04-09 00:00:00,3,Wednesday,April,4,2003
2003-04-16 00:00:00,3,Wednesday,April,4,2003
2003-04-23 00:00:00,3,Wednesday,April,4,2003
2003-04-30 00:00:00,3,Wednesday,April,4,2003
2004-04-07 00:00:00,3,Wednesday,April,4,2004
2004-04-14 00:00:00,3,Wednesday,April,4,2004
2004-04-21 00:00:00,3,Wednesday,April,4,2004
2004-04-28 00:00:00,3,Wednesday,April,4,2004
2005-04-06 00:00:00,3,Wednesday,April,4,2005
2005-04-13 00:00:00,3,Wednesday,April,4,2005
2005-04-20 00:00:00,3,Wednesday,April,4,2005
2005-04-27 00:00:00,3,Wednesday,April,4,2005
2003-08-06 00:00:00,3,Wednesday,August,8,2003
2003-08-13 00:00:00,3,Wednesday,August,8,2003
2003-08-20 00:00:00,3,Wednesday,August,8,2003
2003-08-27 00:00:00,3,Wednesday,August,8,2003
2004-08-04 00:00:00,3,Wednesday,August,8,2004
2004-08-11 00:00:00,3,Wednesday,August,8,2004
2004-08-18 00:00:00,3,Wednesday,August,8,2004
2004-08-25 00:00:00,3,Wednesday,August,8,2004
2005-08-03 00:00:00,3,Wednesday,August,8,2005
2005-08-10 00:00:00,3,Wednesday,August,8,2005
2005-08-17 00:00:00,3,Wednesday,August,8,2005
2005-08-24 00:00:00,3,Wednesday,August,8,2005
2005-08-31 00:00:00,3,Wednesday,August,8,2005
2003-12-03 00:00:00,3,Wednesday,December,12,2003
2003-12-10 00:00:00,3,Wednesday,December,12,2003
2003-12-17 00:00:00,3,Wednesday,December,12,2003
2003-12-24 00:00:00,3,Wednesday,December,12,2003
2003-12-31 00:00:00,3,Wednesday,December,12,2003
2004-12-01 00:00:00,3,Wednesday,December,12,2004
2004-12-08 00:00:00,3,Wednesday,December,12,2004
2004-12-15 00:00:00,3,Wednesday,December,12,2004
2004-12-22 00:00:00,3,Wednesday,December,12,2004
2004-12-29 00:00:00,3,Wednesday,December,12,2004
2005-12-07 00:00:00,3,Wednesday,December,12,2005
2005-12-14 00:00:00,3,Wednesday,December,12,2005
2005-12-21 00:00:00,3,Wednesday,December,12,2005
2005-12-28 00:00:00,3,Wednesday,December,12,2005
2003-02-05 00:00:00,3,Wednesday,February,2,2003
2003-02-12 00:00:00,3,Wednesday,February,2,2003
2003-02-19 00:00:00,3,Wednesday,February,2,2003
2003-02-26 00:00:00,3,Wednesday,February,2,2003
2004-02-04 00:00:00,3,Wednesday,February,2,2004
2004-02-11 00:00:00,3,Wednesday,February,2,2004
2004-02-18 00:00:00,3,Wednesday,February,2,2004
2004-02-25 00:00:00,3,Wednesday,February,2,2004
2005-02-02 00:00:00,3,Wednesday,February,2,2005
2005-02-09 00:00:00,3,Wednesday,February,2,2005
2005-02-16 00:00:00,3,Wednesday,February,2,2005
2005-02-23 00:00:00,3,Wednesday,February,2,2005
2003-01-01 00:00:00,3,Wednesday,January,1,2003
2003-01-08 00:00:00,3,Wednesday,January,1,2003
2003-01-15 00:00:00,3,Wednesday,January,1,2003
2003-01-22 00:00:00,3,Wednesday,January,1,2003
2003-01-29 00:00:00,3,Wednesday,January,1,2003
2004-01-07 00:00:00,3,Wednesday,January,1,2004
2004-01-14 00:00:00,3,Wednesday,January,1,2004
2004-01-21 00:00:00,3,Wednesday,January,1,2004
2004-01-28 00:00:00,3,Wednesday,January,1,2004
2005-01-05 00:00:00,3,Wednesday,January,1,2005
2005-01-12 00:00:00,3,Wednesday,January,1,2005
2005-01-19 00:00:00,3,Wednesday,January,1,2005
2005-01-26 00:00:00,3,Wednesday,January,1,2005
2003-07-02 00:00:00,3,Wednesday,July,7,2003
2003-07-09 00:00:00,3,Wednesday,July,7,2003
2003-07-16 00:00:00,3,Wednesday,July,7,2003
2003-07-23 00:00:00,3,Wednesday,July,7,2003
2003-07-30 00:00:00,3,Wednesday,July,7,2003
2004-07-07 00:00:00,3,Wednesday,July,7,2004
2004-07-14 00:00:00,3,Wednesday,July,7,2004
2004-07-21 00:00:00,3,Wednesday,July,7,2004
2004-07-28 00:00:00,3,Wednesday,July,7,2004
2005-07-06 00:00:00,3,Wednesday,July,7,2005
2005-07-13 00:00:00,3,Wednesday,July,7,2005
2005-07-20 00:00:00,3,Wednesday,July,7,2005
2005-07-27 00:00:00,3,Wednesday,July,7,2005
2003-06-04 00:00:00,3,Wednesday,June,6,2003
2003-06-11 00:00:00,3,Wednesday,June,6,2003
2003-06-18 00:00:00,3,Wednesday,June,6,2003
2003-06-25 00:00:00,3,Wednesday,June,6,2003
2004-06-02 00:00:00,3,Wednesday,June,6,2004
2004-06-09 00:00:00,3,Wednesday,June,6,2004
2004-06-16 00:00:00,3,Wednesday,June,6,2004
2004-06-23 00:00:00,3,Wednesday,June,6,2004
2004-06-30 00:00:00,3,Wednesday,June,6,2004
2005-06-01 00:00:00,3,Wednesday,June,6,2005
2005-06-08 00:00:00,3,Wednesday,June,6,2005
2005-06-15 00:00:00,3,Wednesday,June,6,2005
2005-06-22 00:00:00,3,Wednesday,June,6,2005
2005-06-29 00:00:00,3,Wednesday,June,6,2005
2003-03-05 00:00:00,3,Wednesday,March,3,2003
2003-03-12 00:00:00,3,Wednesday,March,3,2003
2003-03-19 00:00:00,3,Wednesday,March,3,2003
2003-03-26 00:00:00,3,Wednesday,March,3,2003
2004-03-03 00:00:00,3,Wednesday,March,3,2004
2004-03-10 00:00:00,3,Wednesday,March,3,2004
2004-03-17 00:00:00,3,Wednesday,March,3,2004
2004-03-24 00:00:00,3,Wednesday,March,3,2004
2004-03-31 00:00:00,3,Wednesday,March,3,2004
2005-03-02 00:00:00,3,Wednesday,March,3,2005
2005-03-09 00:00:00,3,Wednesday,March,3,2005
2005-03-16 00:00:00,3,Wednesday,March,3,2005
2005-03-23 00:00:00,3,Wednesday,March,3,2005
2005-03-30 00:00:00,3,Wednesday,March,3,2005
2003-05-07 00:00:00,3,Wednesday,May,5,2003
2003-05-14 00:00:00,3,Wednesday,May,5,2003
2003-05-21 00:00:00,3,Wednesday,May,5,2003
2003-05-28 00:00:00,3,Wednesday,May,5,2003
2004-05-05 00:00:00,3,Wednesday,May,5,2004
2004-05-12 00:00:00,3,Wednesday,May,5,2004
2004-05-19 00:00:00,3,Wednesday,May,5,2004
2004-05-26 00:00:00,3,Wednesday,May,5,2004
2005-05-04 00:00:00,3,Wednesday,May,5,2005
2005-05-11 00:00:00,3,Wednesday,May,5,2005
2005-05-18 00:00:00,3,Wednesday,May,5,2005
2005-05-25 00:00:00,3,Wednesday,May,5,2005
2003-11-05 00:00:00,3,Wednesday,November,11,2003
2003-11-12 00:00:00,3,Wednesday,November,11,2003
2003-11-19 00:00:00,3,Wednesday,November,11,2003
2003-11-26 00:00:00,3,Wednesday,November,11,2003
2004-11-03 00:00:00,3,Wednesday,November,11,2004
2004-11-10 00:00:00,3,Wednesday,November,11,2004
2004-11-17 00:00:00,3,Wednesday,November,11,2004
2004-11-24 00:00:00,3,Wednesday,November,11,2004
2005-11-02 00:00:00,3,Wednesday,November,11,2005
2005-11-09 00:00:00,3,Wednesday,November,11,2005
2005-11-16 00:00:00,3,Wednesday,November,11,2005
2005-11-23 00:00:00,3,Wednesday,November,11,2005
2005-11-30 00:00:00,3,Wednesday,November,11,2005
2003-10-01 00:00:00,3,Wednesday,October,10,2003
2003-10-08 00:00:00,3,Wednesday,October,10,2003
2003-10-15 00:00:00,3,Wednesday,October,10,2003
2003-10-22 00:00:00,3,Wednesday,October,10,2003
2003-10-29 00:00:00,3,Wednesday,October,10,2003
2004-10-06 00:00:00,3,Wednesday,October,10,2004
2004-10-13 00:00:00,3,Wednesday,October,10,2004
2004-10-20 00:00:00,3,Wednesday,October,10,2004
2004-10-27 00:00:00,3,Wednesday,October,10,2004
2005-10-05 00:00:00,3,Wednesday,October,10,2005
2005-10-12 00:00:00,3,Wednesday,October,10,2005
2005-10-19 00:00:00,3,Wednesday,October,10,2005
2005-10-26 00:00:00,3,Wednesday,October,10,2005
2003-09-03 00:00:00,3,Wednesday,September,9,2003
2003-09-10 00:00:00,3,Wednesday,September,9,2003
2003-09-17 00:00:00,3,Wednesday,September,9,2003
2003-09-24 00:00:00,3,Wednesday,September,9,2003
2004-09-01 00:00:00,3,Wednesday,September,9,2004
2004-09-08 00:00:00,3,Wednesday,September,9,2004
2004-09-15 00:00:00,3,Wednesday,September,9,2004
2004-09-22 00:00:00,3,Wednesday,September,9,2004
2004-09-29 00:00:00,3,Wednesday,September,9,2004
2005-09-07 00:00:00,3,Wednesday,September,9,2005
2005-09-14 00:00:00,3,Wednesday,September,9,2005
2005-09-21 00:00:00,3,Wednesday,September,9,2005
2005-09-28 00:00:00,3,Wednesday,September,9,2005
